[{"id":0,"parent":-1,"joint":"static","name":"outside_frame","parts":[{"id":1,"name":"outside_frame","children":[]}],"jointData":{}},{"id":1,"parent":2,"joint":"hinge","name":"handle","parts":[{"id":10,"name":"fixed_part","children":[]},{"id":11,"name":"movable_part","children":[]},{"id":12,"name":"fixed_part","children":[]},{"id":13,"name":"movable_part","children":[]}],"jointData":{"axis":{"origin":[-0.2517535,0.0969835,0],"direction":[0,0,-1]},"limit":{"a":0,"b":0,"noLimit":true}}},{"id":2,"parent":0,"joint":"hinge","name":"hinge","parts":[{"id":8,"name":"hinge","children":[]},{"id":7,"name":"surface_board","children":[]},{"id":15,"name":"other_leaf","children":[]}],"jointData":{"axis":{"origin":[0.34835063769460645,0.824049,0.01805896177769635],"direction":[0,0.9999999999999999,0]},"limit":{"a":0,"b":90,"noLimit":false}}}]