[{"children": [{"objs": ["original-2"], "text": "outside_frame", "ori_id": 1, "id": 1, "name": "outside_frame"}, {"children": [{"children": [{"objs": ["original-10"], "text": "surface_board", "ori_id": 7, "id": 4, "name": "surface_board"}], "name": "door_body", "id": 3, "ori_id": 3, "text": "door_body", "objs": ["original-10"]}, {"children": [{"objs": ["new-0"], "text": "fixed_part", "ori_id": 10, "id": 6, "name": "fixed_part"}, {"objs": ["new-1"], "text": "movable_part", "ori_id": 11, "id": 7, "name": "movable_part"}], "name": "handle", "id": 5, "ori_id": 4, "text": "handle", "objs": ["new-0", "new-1"]}, {"children": [{"objs": ["new-3"], "text": "fixed_part", "ori_id": 12, "id": 9, "name": "fixed_part"}, {"objs": ["new-2"], "text": "movable_part", "ori_id": 13, "id": 10, "name": "movable_part"}], "name": "handle", "id": 8, "ori_id": 9, "text": "handle", "objs": ["new-3", "new-2"]}], "name": "door", "id": 2, "ori_id": 2, "text": "door", "objs": ["original-10", "new-0", "new-1", "new-3", "new-2", "original-13", "original-1"]}], "name": "door_set", "id": 0, "ori_id": 0, "text": "door_set", "objs": ["original-2", "original-10", "new-0", "new-1", "new-3", "new-2", "original-13", "original-1", "original-16", "original-7", "original-5", "original-6", "original-8", "original-4", "original-18", "original-17", "original-19", "original-15", "original-22", "original-21", "original-25", "original-24", "original-23"]}]