[{"text": "Door Set", "children": [{"text": "Outside Frame", "objs": ["original-2"], "id": 1, "name": "outside_frame"}, {"text": "Door", "children": [{"text": "Door Body", "children": [{"text": "Surface board", "objs": ["original-10"], "id": 7, "name": "surface_board"}], "id": 3, "name": "door_body"}, {"text": "Handle", "children": [{"text": "Door Handle Fixed Part", "objs": ["new-0"], "id": 10, "name": "fixed_part"}, {"text": "Door Handle Movable Part", "objs": ["new-1"], "id": 11, "name": "movable_part"}], "id": 4, "name": "handle"}, {"text": "Handle", "children": [{"text": "Door Handle Fixed Part", "objs": ["new-3"], "id": 12, "name": "fixed_part"}, {"text": "Door Handle Movable Part", "objs": ["new-2"], "id": 13, "name": "movable_part"}], "id": 9, "name": "handle"}, {"text": "Door lock (other)", "children": [{"text": "other_leaf", "objs": ["original-13", "original-1"], "id": 15, "name": "other_leaf"}], "id": 14, "name": "other"}], "id": 2, "name": "door"}, {"text": "Hinge", "objs": ["original-16", "original-7", "original-5", "original-6", "original-8", "original-4", "original-18", "original-17", "original-19", "original-15", "original-22", "original-21", "original-25", "original-24", "original-23"], "id": 8, "name": "hinge"}], "id": 0, "name": "door_set"}]