[{"id":0,"parent":-1,"joint":"static","name":"outside_frame","parts":[{"id":1,"name":"outside_frame","children":[]}],"jointData":{}},{"id":1,"parent":0,"joint":"hinge","name":"door_body","parts":[{"id":7,"name":"surface_board","children":[]},{"id":8,"name":"complex_decoration","children":[]},{"id":9,"name":"complex_decoration","children":[]},{"id":10,"name":"complex_decoration","children":[]}],"jointData":{"axis":{"origin":[-0.4284572085650428,0.9016810000000004,0.013949575438850337],"direction":[0,-1,0]},"limit":{"a":0,"b":90,"noLimit":false}}},{"id":2,"parent":1,"joint":"hinge","name":"handle","parts":[{"id":5,"name":"fixed_part","children":[]},{"id":6,"name":"fixed_part","children":[]}],"jointData":{"axis":{"origin":[0.33759700000000004,-0.1109,0],"direction":[0,0,1]},"limit":{"a":0,"b":-90,"noLimit":false}}}]