[{"ori_id": 0, "objs": ["new-0", "new-1", "original-4", "original-2", "original-3", "original-1", "original-5"], "id": 0, "children": [{"objs": ["new-0"], "ori_id": 1, "id": 1, "name": "outside_frame", "text": "outside_frame"}, {"ori_id": 2, "objs": ["new-1", "original-4", "original-2", "original-3", "original-1", "original-5"], "id": 2, "children": [{"ori_id": 3, "objs": ["new-1", "original-4", "original-2", "original-3"], "id": 3, "children": [{"objs": ["new-1"], "ori_id": 7, "id": 4, "name": "surface_board", "text": "surface_board"}], "name": "door_body", "text": "door_body"}, {"ori_id": 4, "objs": ["original-1", "original-5"], "id": 5, "children": [{"objs": ["original-1"], "ori_id": 5, "id": 6, "name": "fixed_part", "text": "fixed_part"}, {"objs": ["original-5"], "ori_id": 6, "id": 7, "name": "fixed_part", "text": "fixed_part"}], "name": "handle", "text": "handle"}], "name": "door", "text": "door"}], "name": "door_set", "text": "door_set"}]