[{"text": "Door Set", "children": [{"text": "Outside Frame", "objs": ["new-0"], "id": 1, "name": "outside_frame"}, {"text": "Door", "children": [{"text": "Door Body", "children": [{"text": "Surface board", "objs": ["new-1"], "id": 7, "name": "surface_board"}, {"text": "Complex Decoration", "objs": ["original-4"], "id": 8, "name": "complex_decoration"}, {"text": "Complex Decoration", "objs": ["original-2"], "id": 9, "name": "complex_decoration"}, {"text": "Complex Decoration", "objs": ["original-3"], "id": 10, "name": "complex_decoration"}], "id": 3, "name": "door_body"}, {"text": "Handle", "children": [{"text": "Door Handle Fixed Part", "objs": ["original-1"], "id": 5, "name": "fixed_part"}, {"text": "Door Handle Fixed Part", "objs": ["original-5"], "id": 6, "name": "fixed_part"}], "id": 4, "name": "handle"}], "id": 2, "name": "door"}], "id": 0, "name": "door_set"}]