[{"id":0,"parent":-1,"joint":"static","name":"outside_frame","parts":[{"id":1,"name":"outside_frame","children":[]}],"jointData":{}},{"id":1,"parent":0,"joint":"hinge","name":"surface_board","parts":[{"id":6,"name":"surface_board","children":[]}],"jointData":{"axis":{"origin":[0.2542892495494744,0.8236029744148256,-0.10435184144165952],"direction":[0,1,0]},"limit":{"a":-46.80000000000001,"b":86.39999999999999,"noLimit":false}}},{"id":2,"parent":1,"joint":"hinge","name":"fixed_part","parts":[{"id":5,"name":"fixed_part","children":[]},{"id":8,"name":"fixed_part","children":[]}],"jointData":{"axis":{"origin":[-0.18474874695079993,-0.19438195692797727,0.29111072962483925],"direction":[-0.7071076016277473,1.6327306245056322e-8,-0.7071059607443956]},"limit":{"a":-45,"b":45,"noLimit":false}}}]