[{"ori_id": 0, "text": "door_set", "id": 0, "name": "door_set", "objs": ["original-1", "original-5", "original-3", "original-4"], "children": [{"ori_id": 1, "text": "outside_frame", "id": 1, "name": "outside_frame", "objs": ["original-1"]}, {"ori_id": 2, "text": "door", "id": 2, "name": "door", "objs": ["original-5", "original-3", "original-4"], "children": [{"ori_id": 3, "text": "door_body", "id": 3, "name": "door_body", "objs": ["original-5"], "children": [{"ori_id": 6, "text": "surface_board", "id": 4, "name": "surface_board", "objs": ["original-5"]}]}, {"ori_id": 4, "text": "handle", "id": 5, "name": "handle", "objs": ["original-3"], "children": [{"ori_id": 5, "text": "fixed_part", "id": 6, "name": "fixed_part", "objs": ["original-3"]}]}, {"ori_id": 7, "text": "handle", "id": 7, "name": "handle", "objs": ["original-4"], "children": [{"ori_id": 8, "text": "fixed_part", "id": 8, "name": "fixed_part", "objs": ["original-4"]}]}]}]}]